FRMTM_SNO,FRMTM_YR,FCLT_ID,ITEM_NM,AREA_NM,SACT_INTLCK_SPR_NM,HTHS_SCL_CN,FRMTM_BGNG_YMD,FRMTM_END_YMD,HTHS_SFC,STR_DT,STR_USERID
1,2021,SYN_FARM_000,딸기,경상남도 진주시,연동,1개 동,20210101,20210630,600,2022-08-01 10:00:00,SYNTHETIC_FIXTURE
41,2022,SYN_FARM_000,딸기,경상남도 진주시,연동,1개 동,20220101,20220630,600,2022-08-01 10:00:00,SYNTHETIC_FIXTURE
2,2021,SYN_FARM_001,오이,충청남도 논산시,단동,2개 동,20210201,20210630,750,2022-08-01 10:00:00,SYNTHETIC_FIXTURE
42,2022,SYN_FARM_001,오이,충청남도 논산시,단동,2개 동,20220201,20220630,750,2022-08-01 10:00:00,SYNTHETIC_FIXTURE
3,2021,SYN_FARM_002,토마토,전북특별자치도 김제시,연동,3개 동,20210301,20210630,900,2022-08-01 10:00:00,SYNTHETIC_FIXTURE
43,2022,SYN_FARM_002,토마토,전북특별자치도 김제시,연동,3개 동,20220301,20220630,900,2022-08-01 10:00:00,SYNTHETIC_FIXTURE
4,2021,SYN_FARM_003,방울토마토,경상북도 상주시,단동,1개 동,20210101,20210630,1050,2022-08-01 10:00:00,SYNTHETIC_FIXTURE
44,2022,SYN_FARM_003,방울토마토,경상북도 상주시,단동,1개 동,20220101,20220630,1050,2022-08-01 10:00:00,SYNTHETIC_FIXTURE
5,2021,SYN_FARM_004,파프리카,경상남도 진주시,연동,2개 동,20210201,20210630,1200,2022-08-01 10:00:00,SYNTHETIC_FIXTURE
45,2022,SYN_FARM_004,파프리카,경상남도 진주시,연동,2개 동,20220201,20220630,1200,2022-08-01 10:00:00,SYNTHETIC_FIXTURE
6,2021,SYN_FARM_005,딸기,충청남도 논산시,단동,3개 동,20210301,20210630,1350,2022-08-01 10:00:00,SYNTHETIC_FIXTURE
46,2022,SYN_FARM_005,딸기,충청남도 논산시,단동,3개 동,20220301,20220630,1350,2022-08-01 10:00:00,SYNTHETIC_FIXTURE
7,2021,SYN_FARM_006,오이,전북특별자치도 김제시,연동,1개 동,20210101,20210630,1500,2022-08-01 10:00:00,SYNTHETIC_FIXTURE
47,2022,SYN_FARM_006,오이,전북특별자치도 김제시,연동,1개 동,20220101,20220630,1500,2022-08-01 10:00:00,SYNTHETIC_FIXTURE
8,2021,SYN_FARM_007,토마토,경상북도 상주시,단동,2개 동,20210201,20210630,1650,2022-08-01 10:00:00,SYNTHETIC_FIXTURE
48,2022,SYN_FARM_007,토마토,경상북도 상주시,단동,2개 동,20220201,20220630,1650,2022-08-01 10:00:00,SYNTHETIC_FIXTURE
9,2021,SYN_FARM_008,방울토마토,경상남도 진주시,연동,3개 동,20210301,20210630,600,2022-08-01 10:00:00,SYNTHETIC_FIXTURE
49,2022,SYN_FARM_008,방울토마토,경상남도 진주시,연동,3개 동,20220301,20220630,600,2022-08-01 10:00:00,SYNTHETIC_FIXTURE
10,2021,SYN_FARM_009,파프리카,충청남도 논산시,단동,1개 동,20210101,20210630,750,2022-08-01 10:00:00,SYNTHETIC_FIXTURE
50,2022,SYN_FARM_009,파프리카,충청남도 논산시,단동,1개 동,20220101,20220630,750,2022-08-01 10:00:00,SYNTHETIC_FIXTURE
11,2021,SYN_FARM_010,딸기,전북특별자치도 김제시,연동,2개 동,20210201,20210630,900,2022-08-01 10:00:00,SYNTHETIC_FIXTURE
51,2022,SYN_FARM_010,딸기,전북특별자치도 김제시,연동,2개 동,20220201,20220630,900,2022-08-01 10:00:00,SYNTHETIC_FIXTURE
12,2021,SYN_FARM_011,오이,경상북도 상주시,단동,3개 동,20210301,20210630,1050,2022-08-01 10:00:00,SYNTHETIC_FIXTURE
52,2022,SYN_FARM_011,오이,경상북도 상주시,단동,3개 동,20220301,20220630,1050,2022-08-01 10:00:00,SYNTHETIC_FIXTURE
13,2021,SYN_FARM_012,토마토,경상남도 진주시,연동,1개 동,20210101,20210630,1200,2022-08-01 10:00:00,SYNTHETIC_FIXTURE
53,2022,SYN_FARM_012,토마토,경상남도 진주시,연동,1개 동,20220101,20220630,1200,2022-08-01 10:00:00,SYNTHETIC_FIXTURE
14,2021,SYN_FARM_013,방울토마토,충청남도 논산시,단동,2개 동,20210201,20210630,1350,2022-08-01 10:00:00,SYNTHETIC_FIXTURE
54,2022,SYN_FARM_013,방울토마토,충청남도 논산시,단동,2개 동,20220201,20220630,1350,2022-08-01 10:00:00,SYNTHETIC_FIXTURE
15,2021,SYN_FARM_014,파프리카,전북특별자치도 김제시,연동,3개 동,20210301,20210630,1500,2022-08-01 10:00:00,SYNTHETIC_FIXTURE
55,2022,SYN_FARM_014,파프리카,전북특별자치도 김제시,연동,3개 동,20220301,20220630,1500,2022-08-01 10:00:00,SYNTHETIC_FIXTURE
16,2021,SYN_FARM_015,딸기,경상북도 상주시,단동,1개 동,20210101,20210630,1650,2022-08-01 10:00:00,SYNTHETIC_FIXTURE
56,2022,SYN_FARM_015,딸기,경상북도 상주시,단동,1개 동,20220101,20220630,1650,2022-08-01 10:00:00,SYNTHETIC_FIXTURE
17,2021,SYN_FARM_016,오이,경상남도 진주시,연동,2개 동,20210201,20210630,600,2022-08-01 10:00:00,SYNTHETIC_FIXTURE
57,2022,SYN_FARM_016,오이,경상남도 진주시,연동,2개 동,20220201,20220630,600,2022-08-01 10:00:00,SYNTHETIC_FIXTURE
18,2021,SYN_FARM_017,토마토,충청남도 논산시,단동,3개 동,20210301,20210630,750,2022-08-01 10:00:00,SYNTHETIC_FIXTURE
58,2022,SYN_FARM_017,토마토,충청남도 논산시,단동,3개 동,20220301,20220630,750,2022-08-01 10:00:00,SYNTHETIC_FIXTURE
19,2021,SYN_FARM_018,방울토마토,전북특별자치도 김제시,연동,1개 동,20210101,20210630,900,2022-08-01 10:00:00,SYNTHETIC_FIXTURE
59,2022,SYN_FARM_018,방울토마토,전북특별자치도 김제시,연동,1개 동,20220101,20220630,900,2022-08-01 10:00:00,SYNTHETIC_FIXTURE
20,2021,SYN_FARM_019,파프리카,경상북도 상주시,단동,2개 동,20210201,20210630,1050,2022-08-01 10:00:00,SYNTHETIC_FIXTURE
60,2022,SYN_FARM_019,파프리카,경상북도 상주시,단동,2개 동,20220201,20220630,1050,2022-08-01 10:00:00,SYNTHETIC_FIXTURE
21,2021,SYN_FARM_020,딸기,경상남도 진주시,연동,3개 동,20210301,20210630,1200,2022-08-01 10:00:00,SYNTHETIC_FIXTURE
61,2022,SYN_FARM_020,딸기,경상남도 진주시,연동,3개 동,20220301,20220630,1200,2022-08-01 10:00:00,SYNTHETIC_FIXTURE
22,2021,SYN_FARM_021,오이,충청남도 논산시,단동,1개 동,20210101,20210630,1350,2022-08-01 10:00:00,SYNTHETIC_FIXTURE
62,2022,SYN_FARM_021,오이,충청남도 논산시,단동,1개 동,20220101,20220630,1350,2022-08-01 10:00:00,SYNTHETIC_FIXTURE
23,2021,SYN_FARM_022,토마토,전북특별자치도 김제시,연동,2개 동,20210201,20210630,1500,2022-08-01 10:00:00,SYNTHETIC_FIXTURE
63,2022,SYN_FARM_022,토마토,전북특별자치도 김제시,연동,2개 동,20220201,20220630,1500,2022-08-01 10:00:00,SYNTHETIC_FIXTURE
24,2021,SYN_FARM_023,방울토마토,경상북도 상주시,단동,3개 동,20210301,20210630,1650,2022-08-01 10:00:00,SYNTHETIC_FIXTURE
64,2022,SYN_FARM_023,방울토마토,경상북도 상주시,단동,3개 동,20220301,20220630,1650,2022-08-01 10:00:00,SYNTHETIC_FIXTURE
25,2021,SYN_FARM_024,파프리카,경상남도 진주시,연동,1개 동,20210101,20210630,600,2022-08-01 10:00:00,SYNTHETIC_FIXTURE
65,2022,SYN_FARM_024,파프리카,경상남도 진주시,연동,1개 동,20220101,20220630,600,2022-08-01 10:00:00,SYNTHETIC_FIXTURE
26,2021,SYN_FARM_025,딸기,충청남도 논산시,단동,2개 동,20210201,20210630,750,2022-08-01 10:00:00,SYNTHETIC_FIXTURE
66,2022,SYN_FARM_025,딸기,충청남도 논산시,단동,2개 동,20220201,20220630,750,2022-08-01 10:00:00,SYNTHETIC_FIXTURE
27,2021,SYN_FARM_026,오이,전북특별자치도 김제시,연동,3개 동,20210301,20210630,900,2022-08-01 10:00:00,SYNTHETIC_FIXTURE
67,2022,SYN_FARM_026,오이,전북특별자치도 김제시,연동,3개 동,20220301,20220630,900,2022-08-01 10:00:00,SYNTHETIC_FIXTURE
28,2021,SYN_FARM_027,토마토,경상북도 상주시,단동,1개 동,20210101,20210630,1050,2022-08-01 10:00:00,SYNTHETIC_FIXTURE
68,2022,SYN_FARM_027,토마토,경상북도 상주시,단동,1개 동,20220101,20220630,1050,2022-08-01 10:00:00,SYNTHETIC_FIXTURE
29,2021,SYN_FARM_028,방울토마토,경상남도 진주시,연동,2개 동,20210201,20210630,1200,2022-08-01 10:00:00,SYNTHETIC_FIXTURE
69,2022,SYN_FARM_028,방울토마토,경상남도 진주시,연동,2개 동,20220201,20220630,1200,2022-08-01 10:00:00,SYNTHETIC_FIXTURE
30,2021,SYN_FARM_029,파프리카,충청남도 논산시,단동,3개 동,20210301,20210630,1350,2022-08-01 10:00:00,SYNTHETIC_FIXTURE
70,2022,SYN_FARM_029,파프리카,충청남도 논산시,단동,3개 동,20220301,20220630,1350,2022-08-01 10:00:00,SYNTHETIC_FIXTURE
31,2021,SYN_FARM_030,딸기,전북특별자치도 김제시,연동,1개 동,20210101,20210630,1500,2022-08-01 10:00:00,SYNTHETIC_FIXTURE
71,2022,SYN_FARM_030,딸기,전북특별자치도 김제시,연동,1개 동,20220101,20220630,1500,2022-08-01 10:00:00,SYNTHETIC_FIXTURE
32,2021,SYN_FARM_031,오이,경상북도 상주시,단동,2개 동,20210201,20210630,1650,2022-08-01 10:00:00,SYNTHETIC_FIXTURE
72,2022,SYN_FARM_031,오이,경상북도 상주시,단동,2개 동,20220201,20220630,1650,2022-08-01 10:00:00,SYNTHETIC_FIXTURE
33,2021,SYN_FARM_032,토마토,경상남도 진주시,연동,3개 동,20210301,20210630,600,2022-08-01 10:00:00,SYNTHETIC_FIXTURE
73,2022,SYN_FARM_032,토마토,경상남도 진주시,연동,3개 동,20220301,20220630,600,2022-08-01 10:00:00,SYNTHETIC_FIXTURE
34,2021,SYN_FARM_033,방울토마토,충청남도 논산시,단동,1개 동,20210101,20210630,750,2022-08-01 10:00:00,SYNTHETIC_FIXTURE
74,2022,SYN_FARM_033,방울토마토,충청남도 논산시,단동,1개 동,20220101,20220630,750,2022-08-01 10:00:00,SYNTHETIC_FIXTURE
35,2021,SYN_FARM_034,파프리카,전북특별자치도 김제시,연동,2개 동,20210201,20210630,900,2022-08-01 10:00:00,SYNTHETIC_FIXTURE
75,2022,SYN_FARM_034,파프리카,전북특별자치도 김제시,연동,2개 동,20220201,20220630,900,2022-08-01 10:00:00,SYNTHETIC_FIXTURE
36,2021,SYN_FARM_035,딸기,경상북도 상주시,단동,3개 동,20210301,20210630,1050,2022-08-01 10:00:00,SYNTHETIC_FIXTURE
76,2022,SYN_FARM_035,딸기,경상북도 상주시,단동,3개 동,20220301,20220630,1050,2022-08-01 10:00:00,SYNTHETIC_FIXTURE
37,2021,SYN_FARM_036,오이,경상남도 진주시,연동,1개 동,20210101,20210630,1200,2022-08-01 10:00:00,SYNTHETIC_FIXTURE
77,2022,SYN_FARM_036,오이,경상남도 진주시,연동,1개 동,20220101,20220630,1200,2022-08-01 10:00:00,SYNTHETIC_FIXTURE
38,2021,SYN_FARM_037,토마토,충청남도 논산시,단동,2개 동,20210201,20210630,1350,2022-08-01 10:00:00,SYNTHETIC_FIXTURE
78,2022,SYN_FARM_037,토마토,충청남도 논산시,단동,2개 동,20220201,20220630,1350,2022-08-01 10:00:00,SYNTHETIC_FIXTURE
39,2021,SYN_FARM_038,방울토마토,전북특별자치도 김제시,연동,3개 동,20210301,20210630,1500,2022-08-01 10:00:00,SYNTHETIC_FIXTURE
79,2022,SYN_FARM_038,방울토마토,전북특별자치도 김제시,연동,3개 동,20220301,20220630,1500,2022-08-01 10:00:00,SYNTHETIC_FIXTURE
40,2021,SYN_FARM_039,파프리카,경상북도 상주시,단동,1개 동,20210101,20210630,1650,2022-08-01 10:00:00,SYNTHETIC_FIXTURE
80,2022,SYN_FARM_039,파프리카,경상북도 상주시,단동,1개 동,20220101,20220630,1650,2022-08-01 10:00:00,SYNTHETIC_FIXTURE
